{
  "geweldig": 5,
  "fantastisch": 5,
  "briljant": 5,
  "uitstekend": 5,
  "perfect": 5,
  "subliem": 5,
  "fenomenaal": 5,
  "excellent": 5,
  "prachtig": 5,
  "schitterend": 5,
  "super": 4,
  "top": 4,
  "gewoon top": 4,
  "heerlijk": 4,
  "zalig": 4,
  "geniaal": 4,
  "indrukwekkend": 4,
  "verrukkelijk": 4,
  "fascinerend": 4,
  "meesterlijk": 4,
  "goed": 3,
  "fijn": 3,
  "leuk": 3,
  "prettig": 3,
  "aangenaam": 3,
  "positief": 3,
  "tevreden": 3,
  "blij": 3,
  "vrolijk": 3,
  "gelukkig": 3,
  "prima": 2,
  "oké": 2,
  "ok": 2,
  "redelijk": 2,
  "voldoende": 2,
  "acceptabel": 2,
  "behoorlijk": 2,
  "niet slecht": 2,
  "kan ermee door": 2,
  "gaat wel": 2,
  "neutraal": 0,
  "gemiddeld": 0,
  "normaal": 0,
  "gewoon": 0,
  "mwah": 0,
  "tja": 0,
  "meh": 0,
  "matig": -1,
  "niet geweldig": -1,
  "niet bijzonder": -1,
  "niet best": -1,
  "kan beter": -1,
  "teleurstellend": -2,
  "jammer": -2,
  "niet goed": -2,
  "onvoldoende": -2,
  "zwak": -2,
  "tegenvallend": -2,
  "onbevredigend": -2,
  "onplezierig": -2,
  "onprettig": -2,
  "ongemakkelijk": -2,
  "slecht": -3,
  "rot": -3,
  "vervelend": -3,
  "naar": -3,
  "ellendig": -3,
  "beroerd": -3,
  "belabberd": -3,
  "triest": -3,
  "deprimerend": -3,
  "frustrerend": -3,
  "verschrikkelijk": -4,
  "afschuwelijk": -4,
  "vreselijk": -4,
  "waardeloos": -4,
  "abominabel": -4,
  "rampzalig": -4,
  "catastrofaal": -4,
  "desastreus": -4,
  "afgrijselijk": -4,
  "gruwelijk": -4,
  "walgelijk": -5,
  "weerzinwekkend": -5,
  "misselijkmakend": -5,
  "onverdraaglijk": -5,
  "ondraaglijk": -5,
  "onuitstaanbaar": -5,
  "onverdragelijk": -5,
  "onverteerbaar": -5,
  "onacceptabel": -5,
  "onvergeeflijk": -5,
  "hou van": 4,
  "houden van": 4,
  "liefde": 4,
  "adore": 4,
  "aanbid": 4,
  "dol op": 4,
  "gek op": 4,
  "haat": -4,
  "verafschuw": -4,
  "verfoei": -4,
  "veracht": -4,
  "minacht": -4,
  "hekel aan": -4,
  "kan niet uitstaan": -4,
  "lachen": 3,
  "grappig": 3,
  "hilarisch": 3,
  "komisch": 3,
  "huilen": -3,
  "tranen": -3,
  "verdrietig": -3,
  "droevig": -3,
  "somber": -3,
  "boos": -3,
  "kwaad": -3,
  "woedend": -4,
  "furieus": -4,
  "razend": -4,
  "geïrriteerd": -2,
  "geërgerd": -2,
  "bang": -3,
  "angstig": -3,
  "nerveus": -2,
  "gespannen": -2,
  "gestrest": -2,
  "bezorgd": -2,
  "ongerust": -2,
  "opgelucht": 3,
  "gerustgesteld": 3,
  "kalm": 2,
  "rustig": 2,
  "ontspannen": 2,
  "relaxed": 2,
  "sereen": 2,
  "verbaasd": 1,
  "verrast": 1,
  "geschokt": -1,
  "gechoqueerd": -2,
  "verbijsterd": -1,
  "perplex": -1,
  "verward": -1,
  "geïnteresseerd": 2,
  "nieuwsgierig": 2,
  "gefascineerd": 3,
  "geïntrigeerd": 2,
  "verveeld": -2,
  "ongeïnteresseerd": -1,
  "onverschillig": -1,
  "apathisch": -2,
  "moe": -1,
  "uitgeput": -2,
  "afgemat": -2,
  "energiek": 3,
  "levendig": 3,
  "vitaal": 3,
  "enthousiast": 4,
  "geestdriftig": 4,
  "opgewonden": 3,
  "opgetogen": 3,
  "euforisch": 4,
  "extatisch": 5,
  "dankbaar": 3,
  "erkentelijk": 3,
  "apprecieer": 3,
  "waardeer": 3,
  "bedankt": 2,
  "dank je": 2,
  "dankjewel": 2,
  "sorry": 0,
  "excuses": 0,
  "spijt": -1,
  "berouw": -1,
  "schuldig": -2,
  "beschaamd": -2,
  "schaamte": -2,
  "gênant": -2,
  "vernederd": -3,
  "vernederend": -3,
  "trots": 3,
  "fier": 3,
  "zelfverzekerd": 2,
  "zelfvertrouwen": 2,
  "onzeker": -2,
  "twijfel": -1,
  "aarzel": -1,
  "hoop": 2,
  "hopelijk": 2,
  "optimistisch": 3,
  "positief": 2,
  "wanhopig": -3,
  "hopeloos": -3,
  "pessimistisch": -2,
  "negatief": -2,
  "cynisch": -2,
  "tevreden": 2,
  "voldaan": 2,
  "content": 2,
  "ontevreden": -2,
  "onvervuld": -2,
  "gefrustreerd": -2,
  "veilig": 2,
  "beschermd": 2,
  "onveilig": -2,
  "bedreigd": -2,
  "in gevaar": -3,
  "vertrouwen": 2,
  "betrouwbaar": 2,
  "wantrouwen": -2,
  "achterdochtig": -2,
  "paranoia": -3,
  "eerlijk": 2,
  "oprecht": 2,
  "authentiek": 2,
  "oneerlijk": -2,
  "leugenachtig": -3,
  "bedrieglijk": -3,
  "vals": -3,
  "hypocriet": -3,
  "rechtvaardig": 2,
  "eerlijk": 2,
  "onrechtvaardig": -2,
  "oneerlijk": -2,
  "discriminerend": -3,
  "respectvol": 2,
  "respectloos": -2,
  "beledigend": -3,
  "kwetsend": -3,
  "vriendelijk": 3,
  "aardig": 3,
  "lief": 3,
  "attent": 3,
  "behulpzaam": 3,
  "onvriendelijk": -3,
  "onaardig": -3,
  "gemeen": -3,
  "wreed": -4,
  "sadistisch": -4,
  "moedig": 3,
  "dapper": 3,
  "heldhaftig": 4,
  "laf": -3,
  "bang": -2,
  "intelligent": 3,
  "slim": 3,
  "briljant": 4,
  "dom": -3,
  "stom": -3,
  "achterlijk": -4,
  "mooi": 3,
  "knap": 3,
  "aantrekkelijk": 3,
  "lelijk": -3,
  "onaantrekkelijk": -2,
  "afstotelijk": -3,
  "gezond": 2,
  "fit": 2,
  "vitaal": 2,
  "ziek": -2,
  "ongezond": -2,
  "rijk": 2,
  "welvarend": 2,
  "arm": -2,
  "behoeftig": -2,
  "succesvol": 3,
  "geslaagd": 3,
  "mislukt": -3,
  "gefaald": -3,
  "interessant": 2,
  "boeiend": 2,
  "saai": -2,
  "vervelend": -2,
  "makkelijk": 1,
  "eenvoudig": 1,
  "simpel": 1,
  "moeilijk": -1,
  "complex": -1,
  "ingewikkeld": -1,
  "snel": 1,
  "vlot": 1,
  "traag": -1,
  "langzaam": -1,
  "sterk": 2,
  "krachtig": 2,
  "zwak": -2,
  "krachteloos": -2,
  "groot": 1,
  "klein": -1,
  "enorm": 2,
  "gigantisch": 2,
  "minuscuul": -1,
  "nieuw": 1,
  "modern": 1,
  "oud": -1,
  "verouderd": -2,
  "antiek": 1,
  "vintage": 1,
  "vers": 2,
  "fris": 2,
  "oud": -1,
  "bedorven": -3,
  "rot": -3,
  "schoon": 2,
  "proper": 2,
  "vuil": -2,
  "smerig": -3,
  "vies": -2,
  "warm": 1,
  "heet": 1,
  "koud": -1,
  "ijskoud": -2,
  "bevroren": -2,
  "nat": -1,
  "droog": 0,
  "hard": -1,
  "zacht": 1,
  "scherp": -1,
  "bot": -1,
  "zwaar": -1,
  "licht": 1,
  "dik": -1,
  "dun": 0,
  "vol": 1,
  "leeg": -1,
  "open": 1,
  "gesloten": -1,
  "hoog": 1,
  "laag": -1,
  "diep": 1,
  "ondiep": -1,
  "breed": 1,
  "smal": -1,
  "lang": 1,
  "kort": -1,
  "rond": 0,
  "vierkant": 0,
  "recht": 1,
  "krom": -1,
  "glad": 1,
  "ruw": -1,
  "strak": 1,
  "los": -1,
  "stijf": -1,
  "soepel": 1,
  "flexibel": 1,
  "star": -1,
  "rigide": -1,
  "stabiel": 1,
  "instabiel": -1,
  "veilig": 2,
  "gevaarlijk": -2,
  "risicovol": -1,
  "zeker": 1,
  "onzeker": -1,
  "precies": 1,
  "nauwkeurig": 1,
  "vaag": -1,
  "onduidelijk": -1,
  "compleet": 1,
  "volledig": 1,
  "incompleet": -1,
  "onvolledig": -1,
  "perfect": 3,
  "imperfect": -1,
  "onvolmaakt": -1,
  "normaal": 0,
  "abnormaal": -1,
  "gewoon": 0,
  "bijzonder": 2,
  "speciaal": 2,
  "uniek": 2,
  "zeldzaam": 1,
  "gewoon": 0,
  "alledaags": 0,
  "typisch": 0,
  "atypisch": 0,
  "logisch": 1,
  "onlogisch": -1,
  "rationeel": 1,
  "irrationeel": -1,
  "redelijk": 1,
  "onredelijk": -1,
  "ethisch": 1,
  "onethisch": -1,
  "moreel": 1,
  "immoreel": -2,
  "legaal": 1,
  "illegaal": -2,
  "wettig": 1,
  "onwettig": -2,
  "formeel": 0,
  "informeel": 0,
  "officieel": 0,
  "officieus": 0,
  "professioneel": 1,
  "amateuristisch": -1,
  "actief": 1,
  "passief": -1,
  "dynamisch": 1,
  "statisch": -1,
  "progressief": 1,
  "conservatief": -1,
  "innovatief": 2,
  "traditioneel": 0,
  "creatief": 2,
  "oncreatief": -1,
  "origineel": 2,
  "onorigineel": -1,
  "productief": 2,
  "onproductief": -2,
  "efficiënt": 2,
  "inefficiënt": -2,
  "effectief": 2,
  "ineffectief": -2,
  "nuttig": 2,
  "nutteloos": -2,
  "waardevol": 2,
  "waardeloos": -2,
  "belangrijk": 2,
  "onbelangrijk": -1,
  "essentieel": 2,
  "niet-essentieel": -1,
  "relevant": 1,
  "irrelevant": -1,
  "praktisch": 1,
  "onpraktisch": -1,
  "realistisch": 1,
  "onrealistisch": -1,
  "haalbaar": 1,
  "onhaalbaar": -1,
  "mogelijk": 1,
  "onmogelijk": -1,
  "waarschijnlijk": 1,
  "onwaarschijnlijk": -1,
  "zeker": 2,
  "onzeker": -1,
  "definitief": 1,
  "voorlopig": 0,
  "permanent": 1,
  "tijdelijk": 0,
  "duurzaam": 2,
  "vergankelijk": -1,
  "stabiel": 1,
  "instabiel": -1,
  "consistent": 1,
  "inconsistent": -1,
  "betrouwbaar": 2,
  "onbetrouwbaar": -2,
  "accuraat": 1,
  "inaccuraat": -1,
  "precies": 1,
  "onnauwkeurig": -1,
  "exact": 1,
  "ongeveer": 0,
  "absoluut": 1,
  "relatief": 0,
  "objectief": 1,
  "subjectief": 0,
  "feitelijk": 1,
  "fictief": 0,
  "waar": 1,
  "onwaar": -1,
  "echt": 1,
  "nep": -1,
  "authentiek": 2,
  "namaak": -1,
  "natuurlijk": 1,
  "kunstmatig": -1,
  "organisch": 1,
  "synthetisch": -1,
  "puur": 1,
  "onzuiver": -1,
  "zuiver": 1,
  "vervuild": -2,
  "schoon": 1,
  "vies": -1,
  "hygiënisch": 1,
  "onhygiënisch": -2,
  "steriel": 1,
  "besmet": -2,
  "gezond": 2,
  "ongezond": -2,
  "voedzaam": 1,
  "onvoedzaam": -1,
  "smakelijk": 2,
  "onsmakelijk": -2,
  "lekker": 2,
  "vies": -2,
  "zoet": 1,
  "zuur": -1,
  "bitter": -1,
  "zout": 0,
  "pittig": 0,
  "mild": 0,
  "sterk": 1,
  "zwak": -1,
  "intens": 1,
  "subtiel": 0,
  "krachtig": 1,
  "zacht": 0,
  "hard": -1,
  "luid": -1,
  "stil": 0,
  "rumoerig": -1,
  "rustig": 1,
  "chaotisch": -1,
  "ordelijk": 1,
  "rommelig": -1,
  "netjes": 1,
  "slordig": -1,
  "georganiseerd": 1,
  "ongeorganiseerd": -1,
  "systematisch": 1,
  "willekeurig": -1,
  "gestructureerd": 1,
  "ongestructureerd": -1,
  "gebalanceerd": 1,
  "ongebalanceerd": -1,
  "evenwichtig": 1,
  "onevenwichtig": -1,
  "symmetrisch": 1,
  "asymmetrisch": -1,
  "proportioneel": 1,
  "disproportioneel": -1,
  "harmonieus": 2,
  "disharmonieus": -1,
  "melodieus": 1,
  "dissonant": -1,
  "ritmisch": 1,
  "aritmisch": -1,
  "vloeiend": 1,
  "hakkelend": -1,
  "soepel": 1,
  "stroef": -1,
  "moeiteloos": 2,
  "moeizaam": -1,
  "comfortabel": 2,
  "oncomfortabel": -2,
  "aangenaam": 2,
  "onaangenaam": -2,
  "plezierig": 2,
  "onplezierig": -2,
  "prettig": 2,
  "onprettig": -2,
  "bevredigend": 2,
  "onbevredigend": -2,
  "vervullend": 2,
  "onvervuld": -1,
  "bevrijd": 2,
  "gevangen": -2,
  "vrij": 2,
  "beperkt": -1,
  "onbeperkt": 2,
  "oneindig": 1,
  "eindig": 0,
  "eeuwig": 1,
  "tijdelijk": 0,
  "onsterfelijk": 1,
  "sterfelijk": 0,
  "levend": 1,
  "dood": -2,
  "vitaal": 2,
  "levensloos": -2,
  "energiek": 2,
  "uitgeput": -2,
  "wakker": 1,
  "slaperig": -1,
  "alert": 1,
  "verdoofd": -1,
  "bewust": 1,
  "onbewust": -1,
  "aandachtig": 1,
  "verstrooid": -1,
  "gefocust": 1,
  "afgeleid": -1,
  "geconcentreerd": 1,
  "verward": -1,
  "helder": 1,
  "troebel": -1,
  "lucide": 1,
  "wazig": -1,
  "scherp": 1,
  "bot": -1,
  "precies": 1,
  "vaag": -1,
  "expliciet": 1,
  "impliciet": 0,
  "direct": 1,
  "indirect": -1,
  "openhartig": 1,
  "gereserveerd": -1,
  "extravert": 1,
  "introvert": 0,
  "sociaal": 1,
  "antisociaal": -2,
  "vriendelijk": 2,
  "vijandig": -2,
  "vredelievend": 2,
  "agressief": -2,
  "kalm": 1,
  "opgewonden": 0,
  "sereen": 2,
  "onrustig": -1,
  "ontspannen": 2,
  "gespannen": -2,
  "relaxed": 2,
  "gestrest": -2,
  "zorgeloos": 1,
  "bezorgd": -1,
  "optimistisch": 2,
  "pessimistisch": -2,
  "hoopvol": 2,
  "hopeloos": -2,
  "enthousiast": 2,
  "apathisch": -2,
  "gepassioneerd": 2,
  "onverschillig": -1,
  "geïnspireerd": 2,
  "ongeïnspireerd": -1,
  "gemotiveerd": 2,
  "ongemotiveerd": -2,
  "gedreven": 2,
  "lusteloos": -2,
  "ambitieus": 1,
  "ongeïnteresseerd": -1,
  "vastberaden": 2,
  "besluiteloos": -1,
  "doelgericht": 1,
  "doelloos": -1,
  "gefocust": 1,
  "afgeleid": -1,
  "gedisciplineerd": 1,
  "ongedisciplineerd": -1,
  "georganiseerd": 1,
  "chaotisch": -1,
  "methodisch": 1,
  "willekeurig": -1,
  "systematisch": 1,
  "ongestructureerd": -1,
  "efficiënt": 2,
  "inefficiënt": -2,
  "productief": 2,
  "onproductief": -2,
  "succesvol": 2,
  "onsuccesvol": -2,
  "effectief": 2,
  "ineffectief": -2,
  "competent": 2,
  "incompetent": -2,
  "bekwaam": 2,
  "onbekwaam": -2,
  "capabel": 1,
  "incapabel": -1,
  "ervaren": 1,
  "onervaren": -1,
  "deskundig": 2,
  "ondeskundig": -2,
  "professioneel": 1,
  "amateuristisch": -1,
  "getraind": 1,
  "ongetraind": -1,
  "gekwalificeerd": 1,
  "ongekwalificeerd": -1,
  "geschikt": 1,
  "ongeschikt": -1,
  "adequaat": 1,
  "inadequaat": -1,
  "toereikend": 1,
  "ontoereikend": -1,
  "voldoende": 1,
  "onvoldoende": -1,
  "genoeg": 1,
  "tekort": -1,
  "overvloedig": 2,
  "schaars": -1,
  "rijk": 2,
  "arm": -2,
  "welvarend": 2,
  "behoeftig": -2,
  "luxueus": 2,
  "sober": -1,
  "extravagant": 1,
  "bescheiden": 0,
  "overdadig": -1,
  "matig": 0,
  "excessief": -1,
  "gematigd": 1,
  "extreem": -1,
  "redelijk": 1,
  "onredelijk": -1,
  "rationeel": 1,
  "irrationeel": -1,
  "logisch": 1,
  "onlogisch": -1,
  "coherent": 1,
  "incoherent": -1,
  "consistent": 1,
  "inconsistent": -1,
  "stabiel": 1,
  "instabiel": -1,
  "betrouwbaar": 2,
  "onbetrouwbaar": -2,
  "voorspelbaar": 1,
  "onvoorspelbaar": -1,
  "regelmatig": 1,
  "onregelmatig": -1,
  "constant": 1,
  "variabel": 0,
  "uniform": 1,
  "divers": 1,
  "homogeen": 0,
  "heterogeen": 0,
  "gelijk": 1,
  "ongelijk": -1,
  "eerlijk": 2,
  "oneerlijk": -2,
  "rechtvaardig": 2,
  "onrechtvaardig": -2,
  "billijk": 1,
  "onbillijk": -1,
  "onpartijdig": 1,
  "bevooroordeeld": -1,
  "objectief": 1,
  "subjectief": -1,
  "neutraal": 0,
  "gekleurd": -1,
  "onbevooroordeeld": 1,
  "vooringenomen": -1,
  "tolerant": 2,
  "intolerant": -2,
  "verdraagzaam": 2,
  "onverdraagzaam": -2,
  "respectvol": 2,
  "respectloos": -2,
  "beleefd": 1,
  "onbeleefd": -1,
  "hoffelijk": 1,
  "onhoffelijk": -1,
  "vriendelijk": 2,
  "onvriendelijk": -2,
  "aardig": 2,
  "onaardig": -2,
  "lief": 2,
  "gemeen": -2,
  "zorgzaam": 2,
  "onverschillig": -1,
  "attent": 2,
  "onattent": -1,
  "behulpzaam": 2,
  "onbehulpzaam": -1,
  "genereus": 2,
  "gierig": -2,
  "vrijgevig": 2,
  "krenterig": -2,
  "gul": 2,
  "vrekkig": -2,
  "altruïstisch": 2,
  "egoïstisch": -2,
  "onzelfzuchtig": 2,
  "zelfzuchtig": -2,
  "meelevend": 2,
  "harteloos": -2,
  "empathisch": 2,
  "ongevoelig": -2,
  "begripvol": 2,
  "onbegripvol": -2,
  "vergevingsgezind": 2,
  "rancuneus": -2,
  "genadig": 2,
  "meedogenloos": -2,
  "barmhartig": 2,
  "onbarmhartig": -2,
  "humaan": 2,
  "inhumaan": -2,
  "menselijk": 1,
  "onmenselijk": -2,
  "ethisch": 1,
  "onethisch": -2,
  "moreel": 1,
  "immoreel": -2,
  "deugdzaam": 2,
  "ondeugdelijk": -2,
  "integer": 2,
  "corrupt": -2,
  "eerlijk": 2,
  "oneerlijk": -2,
  "oprecht": 2,
  "onoprecht": -2,
  "authentiek": 2,
  "nep": -2,
  "echt": 1,
  "vals": -2,
  "waarachtig": 1,
  "bedrieglijk": -2,
  "transparant": 1,
  "ondoorzichtig": -1,
  "open": 1,
  "gesloten": -1,
  "toegankelijk": 1,
  "ontoegankelijk": -1,
  "benaderbaar": 1,
  "onbenaderbaar": -1,
  "verwelkomend": 2,
  "afwijzend": -2,
  "inclusief": 1,
  "exclusief": -1,
  "integrerend": 1,
  "segregerend": -1,
  "verenigend": 1,
  "verdelend": -1,
  "samenwerkend": 1,
  "concurrerend": -1,
  "coöperatief": 1,
  "competitief": -1,
  "harmonieus": 2,
  "conflictueus": -2,
  "vreedzaam": 2,
  "gewelddadig": -2,
  "vredelievend": 2,
  "oorlogszuchtig": -2,
  "pacifistisch": 1,
  "militaristisch": -1,
  "diplomatiek": 1,
  "agressief": -2,
  "tactvol": 1,
  "tactloos": -1,
  "subtiel": 1,
  "bot": -1,
  "genuanceerd": 1,
  "ongenuanceerd": -1,
  "gebalanceerd": 1,
  "eenzijdig": -1,
  "veelzijdig": 1,
  "beperkt": -1,
  "breed": 1,
  "smal": -1,
  "diep": 1,
  "oppervlakkig": -1,
  "grondig": 1,
  "vluchtig": -1,
  "gedetailleerd": 1,
  "globaal": -1,
  "specifiek": 1,
  "algemeen": 0,
  "precies": 1,
  "vaag": -1,
  "concreet": 1,
  "abstract": 0,
  "praktisch": 1,
  "theoretisch": 0,
  "pragmatisch": 1,
  "idealistisch": 0,
  "realistisch": 1,
  "onrealistisch": -1,
  "haalbaar": 1,
  "onhaalbaar": -1,
  "uitvoerbaar": 1,
  "onuitvoerbaar": -1,
  "werkbaar": 1,
  "onwerkbaar": -1,
  "functioneel": 1,
  "disfunctioneel": -1,
  "operationeel": 1,
  "inoperabel": -1,
  "bruikbaar": 1,
  "onbruikbaar": -1,
  "nuttig": 1,
  "nutteloos": -1,
  "waardevol": 2,
  "waardeloos": -2,
  "kostbaar": 1,
  "waardeloos": -1,
  "duur": -1,
  "goedkoop": -1,
  "betaalbaar": 1,
  "onbetaalbaar": -1,
  "economisch": 1,
  "oneconomisch": -1,
  "rendabel": 1,
  "onrendabel": -1,
  "winstgevend": 1,
  "verlieslatend": -1,
  "voordelig": 1,
  "nadelig": -1,
  "gunstig": 1,
  "ongunstig": -1,
  "positief": 1,
  "negatief": -1,
  "constructief": 1,
  "destructief": -1,
  "opbouwend": 1,
  "afbrekend": -1,
  "stimulerend": 1,
  "ontmoedigend": -1,
  "motiverend": 1,
  "demotiverend": -1,
  "inspirerend": 2,
  "ontmoedigend": -1,
  "bemoedigend": 1,
  "ontmoedigend": -1,
  "hoopgevend": 1,
  "ontmoedigend": -1,
  "veelbelovend": 1,
  "teleurstellend": -1,
  "bevredigend": 1,
  "onbevredigend": -1,
  "vervullend": 1,
  "onvervuld": -1,
  "bevrijd": 1,
  "beperkt": -1,
  "vrij": 1,
  "gevangen": -1,
  "autonoom": 1,
  "afhankelijk": -1,
  "onafhankelijk": 1,
  "afhankelijk": -1,
  "zelfstandig": 1,
  "hulpbehoevend": -1,
  "zelfredzaam": 1,
  "hulpeloos": -1,
  "sterk": 1,
  "zwak": -1,
  "krachtig": 1,
  "krachteloos": -1,
  "machtig": 1,
  "machteloos": -1,
  "invloedrijk": 1,
  "invloedloos": -1,
  "dominant": 0,
  "onderdanig": -1,
  "assertief": 1,
  "passief": -1,
  "proactief": 1,
  "reactief": -1,
  "initiatiefrijk": 1,
  "afwachtend": -1,
  "ondernemend": 1,
  "terughoudend": -1,
  "gedurfd": 1,
  "voorzichtig": 0,
  "moedig": 1,
  "angstig": -1,
  "dapper": 2,
  "laf": -2,
  "heldhaftig": 2,
  "lafhartig": -2,
  "stoutmoedig": 1,
  "timide": -1,
  "vrijmoedig": 1,
  "verlegen": -1,
  "extravert": 1,
  "introvert": 0,
  "uitbundig": 1,
  "ingetogen": 0,
  "expressief": 1,
  "gereserveerd": -1,
  "spontaan": 1,
  "berekend": -1,
  "impulsief": 0,
  "bedachtzaam": 1,
  "onstuimig": 0,
  "beheerst": 1,
  "wild": 0,
  "tam": 0,
  "getempt": 0,
  "ongetempt": 0,
  "geciviliseerd": 1,
  "ongeciviliseerd": -1,
  "beschaafd": 1,
  "onbeschaafd": -1,
  "gecultiveerd": 1,
  "ongecultiveerd": -1,
  "verfijnd": 1,
  "grof": -1,
  "elegant": 1,
  "onelegant": -1,
  "stijlvol": 1,
  "stijlloos": -1,
  "smaakvol": 1,
  "smaakloos": -1,
  "chic": 1,
  "ordinair": -1,
  "sophisticated": 1,
  "ongepolijst": -1,
  "gepolijst": 1,
  "ruw": -1,
  "glad": 1,
  "ruw": -1,
  "zacht": 1,
  "hard": -1,
  "teder": 1,
  "ruw": -1,
  "delicaat": 1,
  "grof": -1,
  "subtiel": 1,
  "opzichtig": -1,
  "bescheiden": 1,
  "opschepperig": -1,
  "nederig": 1,
  "arrogant": -2,
  "bescheiden": 1,
  "verwaand": -2,
  "pretentieloos": 1,
  "pretentieus": -1,
  "authentiek": 2,
  "nep": -2,
  "oprecht": 2,
  "onoprecht": -2,
  "eerlijk": 2,
  "oneerlijk": -2,
  "waarachtig": 1,
  "bedrieglijk": -2,
  "geloofwaardig": 1,
  "ongeloofwaardig": -1,
  "betrouwbaar": 2,
  "onbetrouwbaar": -2,
  "loyaal": 2,
  "deloyaal": -2,
  "trouw": 2,
  "ontrouw": -2,
  "toegewijd": 1,
  "onverschillig": -1,
  "betrokken": 1,
  "onbetrokken": -1,
  "geëngageerd": 1,
  "ongeëngageerd": -1,
  "geïnteresseerd": 1,
  "ongeïnteresseerd": -1,
  "aandachtig": 1,
  "onaandachtig": -1,
  "oplettend": 1,
  "onoplettend": -1,
  "alert": 1,
  "onoplettend": -1,
  "waakzaam": 1,
  "onoplettend": -1,
  "zorgvuldig": 1,
  "onzorgvuldig": -1,
  "nauwkeurig": 1,
  "slordig": -1,
  "precies": 1,
  "onnauwkeurig": -1,
  "meticulous": 1,
  "slordig": -1,
  "ordelijk": 1,
  "wanordelijk": -1,
  "georganiseerd": 1,
  "ongeorganiseerd": -1,
  "systematisch": 1,
  "chaotisch": -1,
  "methodisch": 1,
  "willekeurig": -1,
  "gestructureerd": 1,
  "ongestructureerd": -1,
  "coherent": 1,
  "incoherent": -1,
  "samenhangend": 1,
  "onsamenhangend": -1,
  "logisch": 1,
  "onlogisch": -1,
  "rationeel": 1,
  "irrationeel": -1,
  "redelijk": 1,
  "onredelijk": -1,
  "verstandig": 1,
  "onverstandig": -1,
  "wijs": 2,
  "dwaas": -2,
  "intelligent": 2,
  "dom": -2,
  "slim": 2,
  "stom": -2,
  "briljant": 3,
  "achterlijk": -3,
  "geniaal": 3,
  "idioot": -3,
  "scherpzinnig": 2,
  "bot": -2,
  "vindingrijk": 2,
  "fantasieloos": -1,
  "creatief": 2,
  "oncreatief": -1,
  "innovatief": 2,
  "ouderwets": -1,
  "vooruitstrevend": 1,
  "achterhaald": -1,
  "modern": 1,
  "ouderwets": -1,
  "eigentijds": 1,
  "gedateerd": -1,
  "actueel": 1,
  "verouderd": -1,
  "relevant": 1,
  "irrelevant": -1,
  "belangrijk": 1,
  "onbelangrijk": -1,
  "significant": 1,
  "insignificant": -1,
  "cruciaal": 2,
  "triviaal": -1,
  "essentieel": 2,
  "niet-essentieel": -1,
  "vitaal": 1,
  "niet-vitaal": -1,
  "fundamenteel": 1,
  "oppervlakkig": -1,
  "diepgaand": 1,
  "oppervlakkig": -1,
  "substantieel": 1,
  "onbeduidend": -1,
  "betekenisvol": 2,
  "betekenisloos": -2,
  "zinvol": 2,
  "zinloos": -2,
  "doelgericht": 1,
  "doelloos": -1,
  "nuttig": 1,
  "nutteloos": -1,
  "praktisch": 1,
  "onpraktisch": -1,
  "functioneel": 1,
  "disfunctioneel": -1,
  "werkzaam": 1,
  "onwerkzaam": -1,
  "effectief": 2,
  "ineffectief": -2,
  "efficiënt": 2,
  "inefficiënt": -2,
  "productief": 2,
  "onproductief": -2,
  "vruchtbaar": 1,
  "onvruchtbaar": -1,
  "succesvol": 2,
  "onsuccesvol": -2,
  "geslaagd": 2,
  "mislukt": -2,
  "triomfantelijk": 2,
  "verslagen": -2,
  "winnend": 2,
  "verliezend": -2,
  "zegevierend": 2,
  "verslagen": -2,
  "victorieus": 2,
  "verslagen": -2,
  "glorieus": 2,
  "rampzalig": -2,
  "schitterend": 2,
  "catastrofaal": -2,
  "fenomenaal": 3,
  "verschrikkelijk": -3,
  "spectaculair": 2,
  "afschuwelijk": -2,
  "adembenemend": 2,
  "afstotelijk": -2,
  "prachtig": 2,
  "lelijk": -2,
  "mooi": 2,
  "lelijk": -2,
  "aantrekkelijk": 2,
  "onaantrekkelijk": -2,
  "charmant": 2,
  "afstotend": -2,
  "betoverend": 2,
  "afschrikwekkend": -2,
  "fascinerend": 2,
  "saai": -2,
  "boeiend": 2,
  "vervelend": -2,
  "interessant": 2,
  "oninteressant": -2,
  "intrigerend": 2,
  "alledaags": -1,
  "bijzonder": 2,
  "gewoon": -1,
  "uitzonderlijk": 2,
  "doorsnee": -1,
  "buitengewoon": 2,
  "gewoon": -1,
  "uniek": 2,
  "alledaags": -1,
  "zeldzaam": 1,
  "algemeen": -1,
  "speciaal": 2,
  "gewoon": -1,
  "exclusief": 1,
  "inclusief": 1,
  "selectief": 0,
  "alomvattend": 1,
  "beperkt": -1,
  "uitgebreid": 1,
  "gelimiteerd": -1,
  "onbeperkt": 1,
  "begrensd": -1,
  "grenzeloos": 1,
  "eindig": 0,
  "oneindig": 1,
  "tijdelijk": 0,
  "eeuwig": 1,
  "vergankelijk": -1,
  "blijvend": 1,
  "kortstondig": -1,
  "duurzaam": 1,
  "vluchtig": -1,
  "permanent": 1,
  "tijdelijk": -1,
  "stabiel": 1,
  "instabiel": -1,
  "constant": 1,
  "veranderlijk": -1,
  "betrouwbaar": 2,
  "onbetrouwbaar": -2,
  "solide": 1,
  "wankel": -1,
  "robuust": 1,
  "fragiel": -1,
  "sterk": 1,
  "zwak": -1,
  "krachtig": 1,
  "krachteloos": -1,
  "machtig": 1,
  "machteloos": -1,
  "potent": 1,
  "impotent": -1,
  "capabel": 1,
  "incapabel": -1,
  "bekwaam": 1,
  "onbekwaam": -1,
  "competent": 1,
  "incompetent": -1,
  "vaardig": 1,
  "onhandig": -1,
  "handig": 1,
  "onhandig": -1,
  "behendig": 1,
  "onhandig": -1,
  "getalenteerd": 2,
  "ongetalenteerd": -1,
  "begaafd": 2,
  "onbegaafd": -1,
  "getalenteerd": 2,
  "talentloos": -1,
  "virtuoos": 2,
  "onbedreven": -1,
  "meesterlijk": 2,
  "amateuristisch": -1,
  "professioneel": 1,
  "amateuristisch": -1,
  "ervaren": 1,
  "onervaren": -1,
  "bedreven": 1,
  "onbedreven": -1,
  "geoefend": 1,
  "ongeoefend": -1,
  "getraind": 1,
  "ongetraind": -1,
  "geschoold": 1,
  "ongeschoold": -1,
  "geleerd": 1,
  "ongeleerd": -1,
  "ontwikkeld": 1,
  "onderontwikkeld": -1,
  "geavanceerd": 1,
  "primitief": -1,
  "sophisticated": 1,
  "simpel": -1,
  "complex": 0,
  "eenvoudig": 0,
  "ingewikkeld": -1,
  "gecompliceerd": -1,
  "ongecompliceerd": 1,
  "makkelijk": 1,
  "moeilijk": -1,
  "eenvoudig": 1,
  "lastig": -1,
  "probleemloos": 2,
  "problematisch": -2,
  "soepel": 1,
  "moeizaam": -1,
  "vloeiend": 1,
  "stroef": -1,
  "moeiteloos": 2,
  "moeizaam": -2,
  "licht": 1,
  "zwaar": -1,
  "draaglijk": 1,
  "ondraaglijk": -2,
  "verdraaglijk": 1,
  "onverdraaglijk": -2,
  "acceptabel": 1,
  "onacceptabel": -2,
  "toelaatbaar": 1,
  "ontoelaatbaar": -2,
  "aanvaardbaar": 1,
  "onaanvaardbaar": -2,
  "redelijk": 1,
  "onredelijk": -2,
  "billijk": 1,
  "onbillijk": -2,
  "eerlijk": 2,
  "oneerlijk": -2,
  "rechtvaardig": 2,
  "onrechtvaardig": -2,
  "gerechtvaardigd": 1,
  "ongerechtvaardigd": -1,
  "legitiem": 1,
  "illegitiem": -1,
  "legaal": 1,
  "illegaal": -2,
  "wettig": 1,
  "onwettig": -2,
  "geoorloofd": 1,
  "ongeoorloofd": -1,
  "toegestaan": 1,
  "verboden": -1,
  "geautoriseerd": 1,
  "ongeautoriseerd": -1,
  "goedgekeurd": 1,
  "afgekeurd": -1,
  "geaccrediteerd": 1,
  "ongeaccrediteerd": -1,
  "gecertificeerd": 1,
  "ongecertificeerd": -1,
  "gekwalificeerd": 1,
  "ongekwalificeerd": -1,
  "bevoegd": 1,
  "onbevoegd": -1,
  "geautoriseerd": 1,
  "ongeautoriseerd": -1,
  "gemachtigd": 1,
  "ongemachtigd": -1,
  "gerechtigd": 1,
  "ongerechtigd": -1,
  "gelegitimeerd": 1,
  "ongelegitimeerd": -1,
  "gevalideerd": 1,
  "ongevalideerd": -1,
  "geverifieerd": 1,
  "ongeverifieerd": -1,
  "bevestigd": 1,
  "onbevestigd": -1,
  "bewezen": 1,
  "onbewezen": -1,
  "gedocumenteerd": 1,
  "ongedocumenteerd": -1,
  "geregistreerd": 1,
  "ongeregistreerd": -1,
  "gereguleerd": 1,
  "ongereguleerd": -1,
  "gecontroleerd": 1,
  "ongecontroleerd": -1,
  "beheerst": 1,
  "onbeheerst": -1,
  "gedisciplineerd": 1,
  "ongedisciplineerd": -1,
  "geordend": 1,
  "ongeordend": -1,
  "georganiseerd": 1,
  "ongeorganiseerd": -1,
  "systematisch": 1,
  "onsystematisch": -1,
  "methodisch": 1,
  "onmethodisch": -1,
  "gestructureerd": 1,
  "ongestructureerd": -1,
  "gecoördineerd": 1,
  "ongecoördineerd": -1,
  "gesynchroniseerd": 1,
  "ongesynchroniseerd": -1,
  "harmonieus": 2,
  "disharmonieus": -2,
  "gebalanceerd": 1,
  "ongebalanceerd": -1,
  "evenwichtig": 1,
  "onevenwichtig": -1,
  "proportioneel": 1,
  "disproportioneel": -1,
  "symmetrisch": 1,
  "asymmetrisch": -1,
  "uniform": 1,
  "niet-uniform": -1,
  "consistent": 1,
  "inconsistent": -1,
  "coherent": 1,
  "incoherent": -1,
  "samenhangend": 1,
  "onsamenhangend": -1,
  "verenigd": 1,
  "verdeeld": -1,
  "verenigbaar": 1,
  "onverenigbaar": -1,
  "compatibel": 1,
  "incompatibel": -1,
  "congruent": 1,
  "incongruent": -1,
  "overeenkomstig": 1,
  "tegenstrijdig": -1,
  "complementair": 1,
  "conflicterend": -1,
  "harmonieus": 2,
  "conflictueus": -2,
  "vreedzaam": 2,
  "gewelddadig": -2,
  "vredelievend": 2,
  "agressief": -2,
  "kalm": 1,
  "turbulent": -1,
  "rustig": 1,
  "onrustig": -1,
  "sereen": 2,
  "chaotisch": -2,
  "stil": 1,
  "luidruchtig": -1,
  "zacht": 1,
  "hard": -1,
  "mild": 1,
  "intens": -1,
  "subtiel": 1,
  "overduidelijk": -1,
  "genuanceerd": 1,
  "ongenuanceerd": -1,
  "verfijnd": 1,
  "grof": -1,
  "delicaat": 1,
  "plomp": -1,
  "elegant": 2,
  "onelegant": -1,
  "gracieus": 1,
  "ongracieus": -1,
  "sierlijk": 1,
  "onhandig": -1,
  "soepel": 1,
  "stijf": -1,
  "vloeiend": 1,
  "hakkelend": -1,
  "ritmisch": 1,
  "aritmisch": -1,
  "melodieus": 1,
  "onmelodisch": -1,
  "harmonisch": 1,
  "dissonant": -1,
  "welluidend": 1,
  "wanluidend": -1,
  "muzikaal": 1,
  "onmuzikaal": -1,
  "artistiek": 1,
  "onartistiek": -1,
  "esthetisch": 1,
  "onesthetisch": -1,
  "smaakvol": 1,
  "smaakloos": -1,
  "stijlvol": 1,
  "stijlloos": -1,
  "trendy": 1,
  "ouderwets": -1,
  "hip": 1,
  "oubollig": -1,
  "cool": 1,
  "uncool": -1,
  "populair": 1,
  "onpopulair": -1,
  "geliefd": 2,
  "ongeliefd": -2,
  "aanbeden": 2,
  "veracht": -2,
  "geadoreerd": 2,
  "verafschuwd": -2,
  "bewonderd": 2,
  "geminacht": -2,
  "gerespecteerd": 2,
  "ongerespecteerd": -2,
  "gewaardeerd": 2,
  "ondergewaardeerd": -1,
  "geprezen": 2,
  "bekritiseerd": -1,
  "gevierd": 2,
  "verguisd": -2,
  "geroemd": 2,
  "berucht": -1,
  "beroemd": 1,
  "berucht": -1,
  "legendarisch": 2,
  "vergeten": -1,
  "iconisch": 2,
  "onbeduidend": -1,
  "monumentaal": 2,
  "onbetekenend": -1,
  "historisch": 1,
  "onhistorisch": -1,
  "klassiek": 1,
  "onklassiek": -1,
  "tijdloos": 2,
  "tijdgebonden": -1,
  "eeuwig": 1,
  "vergankelijk": -1,
  "onsterfelijk": 1,
  "sterfelijk": -1,
  "goddelijk": 2,
  "duivels": -2,
  "hemels": 2,
  "hels": -2,
  "paradijselijk": 2,
  "infernaal": -2,
  "zalig": 2,
  "verdoemd": -2,
  "gezegend": 2,
  "vervloekt": -2,
  "heilig": 2,
  "onheilig": -2,
  "sacraal": 1,
  "profaan": -1,
  "spiritueel": 1,
  "materialistisch": -1,
  "verheven": 1,
  "laag": -1,
  "nobel": 2,
  "onedel": -1,
  "eervol": 2,
  "eerloos": -2,
  "waardig": 1,
  "onwaardig": -1,
  "respectabel": 1,
  "onrespectabel": -1,
  "fatsoenlijk": 1,
  "onfatsoenlijk": -1,
  "keurig": 1,
  "onkeurig": -1,
  "netjes": 1,
  "slordig": -1,
  "verzorgd": 1,
  "onverzorgd": -1,
  "schoon": 1,
  "vies": -1,
  "proper": 1,
  "smerig": -2,
  "hygiënisch": 1,
  "onhygiënisch": -2,
  "steriel": 1,
  "besmet": -2,
  "zuiver": 1,
  "onzuiver": -1,
  "puur": 1,
  "onzuiver": -1,
  "onvermengd": 1,
  "vermengd": -1,
  "ongerept": 1,
  "aangetast": -1,
  "ongeschonden": 1,
  "beschadigd": -1,
  "intact": 1,
  "gebroken": -1,
  "heel": 1,
  "kapot": -1,
  "compleet": 1,
  "incompleet": -1,
  "volledig": 1,
  "onvolledig": -1,
  "afgerond": 1,
  "onafgerond": -1,
  "afgewerkt": 1,
  "onafgewerkt": -1,
  "voltooid": 1,
  "onvoltooid": -1,
  "af": 1,
  "onaf": -1,
  "perfect": 3,
  "imperfect": -1,
  "volmaakt": 2,
  "onvolmaakt": -1,
  "feilloos": 2,
  "gebrekkig": -1,
  "vlekkeloos": 2,
  "gebrekkig": -1,
  "onberispelijk": 2,
  "gebrekkig": -1,
  "foutloos": 2,
  "foutief": -1,
  "correct": 1,
  "incorrect": -1,
  "juist": 1,
  "onjuist": -1,
  "accuraat": 1,
  "inaccuraat": -1,
  "precies": 1,
  "onnauwkeurig": -1,
  "exact": 1,
  "inexact": -1,
  "nauwkeurig": 1,
  "onnauwkeurig": -1,
  "rigoureus": 1,
  "onrigoureus": -1,
  "grondig": 1,
  "oppervlakkig": -1,
  "diepgaand": 1,
  "oppervlakkig": -1,
  "uitgebreid": 1,
  "beperkt": -1,
  "uitvoerig": 1,
  "beknopt": -1,
  "gedetailleerd": 1,
  "globaal": -1,
  "specifiek": 1,
  "algemeen": -1,
  "expliciet": 1,
  "impliciet": -1,
  "duidelijk": 1,
  "onduidelijk": -1,
  "helder": 1,
  "vaag": -1,
  "scherp": 1,
  "wazig": -1,
  "gefocust": 1,
  "ongefocust": -1,
  "geconcentreerd": 1,
  "verstrooid": -1,
  "aandachtig": 1,
  "onaandachtig": -1,
  "alert": 1,
  "onoplettend": -1,
  "attent": 1,
  "onattent": -1,
  "oplettend": 1,
  "onoplettend": -1,
  "waakzaam": 1,
  "onoplettend": -1,
  "bewust": 1,
  "onbewust": -1,
  "wakker": 1,
  "slaperig": -1,
  "energiek": 2,
  "lusteloos": -2,
  "levendig": 2,
  "levenloos": -2,
  "vitaal": 2,
  "futloos": -2,
  "krachtig": 1,
  "krachteloos": -1,
  "sterk": 1,
  "zwak": -1,
  "robuust": 1,
  "fragiel": -1,
  "stevig": 1,
  "wankel": -1,
  "solide": 1,
  "broos": -1,
  "duurzaam": 1,
  "vergankelijk": -1,
  "blijvend": 1,
  "tijdelijk": -1,
  "permanent": 1,
  "tijdelijk": -1,
  "eeuwig": 1,
  "kortstondig": -1,
  "oneindig": 1,
  "eindig": -1,
  "onbeperkt": 1,
  "beperkt": -1,
  "onbegrensd": 1,
  "begrensd": -1,
  "grenzeloos": 1,
  "begrensd": -1,
  "onmetelijk": 1,
  "meetbaar": -1,
  "immens": 1,
  "klein": -1,
  "enorm": 1,
  "minuscuul": -1,
  "gigantisch": 1,
  "nietig": -1,
  "kolossaal": 1,
  "miniem": -1,
  "massief": 1,
  "minuscuul": -1,
  "groot": 1,
  "klein": -1,
  "omvangrijk": 1,
  "beperkt": -1,
  "uitgestrekt": 1,
  "beperkt": -1,
  "ruim": 1,
  "krap": -1,
  "ruimtelijk": 1,
  "benauwd": -1,
  "open": 1,
  "gesloten": -1,
  "uitgebreid": 1,
  "beperkt": -1,
  "expansief": 1,
  "beperkt": -1,
  "breed": 1,
  "smal": -1,
  "wijd": 1,
  "nauw": -1,
  "diep": 1,
  "ondiep": -1,
  "hoog": 1,
  "laag": -1,
  "verheven": 1,
  "verlaagd": -1,
  "opgeheven": 1,
  "verzonken": -1,
  "opwaarts": 1,
  "neerwaarts": -1,
  "stijgend": 1,
  "dalend": -1,
  "opkomend": 1,
  "ondergaand": -1,
  "groeiend": 1,
  "krimpend": -1,
  "toenemend": 1,
  "afnemend": -1,
  "vermeerderd": 1,
  "verminderd": -1,
  "versterkt": 1,
  "verzwakt": -1,
  "verbeterd": 1,
  "verslechterd": -1,
  "geoptimaliseerd": 1,
  "gedegradeerd": -1,
  "geperfectioneerd": 2,
  "beschadigd": -1,
  "verfijnd": 1,
  "ruw": -1,
  "gepolijst": 1,
  "ongepolijst": -1,
  "glad": 1,
  "ruw": -1,
  "zacht": 1,
  "hard": -1,
  "soepel": 1,
  "stroef": -1,
  "vloeiend": 1,
  "hakkelend": -1,
  "vloeibaar": 0,
  "vast": 0,
  "gasvormig": 0,
  "nat": 0,
  "droog": 0,
  "vochtig": 0,
  "arid": 0,
  "heet": 0,
  "koud": 0,
  "warm": 1,
  "koel": 0,
  "lauw": 0,
  "gloeiend": 0,
  "ijzig": 0,
  "brandend": 0,
  "bevroren": 0,
  "smeltend": 0,
  "kokend": 0,
  "verdampend": 0,
  "condenserend": 0,
  "stollend": 0,
  "vloeibaar": 0,
  "oplosbaar": 0,
  "onoplosbaar": 0,
  "mengbaar": 0,
  "onmengbaar": 0,
  "homogeen": 0,
  "heterogeen": 0,
  "uniform": 0,
  "divers": 0,
  "gevarieerd": 1,
  "monotoon": -1,
  "kleurrijk": 1,
  "kleurloos": -1,
  "levendig": 1,
  "dof": -1,
  "helder": 1,
  "troebel": -1,
  "transparant": 1,
  "ondoorzichtig": -1,
  "doorschijnend": 0,
  "ondoorschijnend": 0,
  "licht": 1,
  "donker": -1,
  "verlicht": 1,
  "verduisterd": -1,
  "stralend": 1,
  "dof": -1,
  "glanzend": 1,
  "mat": -1,
  "glimmend": 1,
  "dof": -1,
  "schitterend": 2,
  "dof": -1,
  "sprankelend": 2,
  "levenloos": -2,
  "levendig": 2,
  "dood": -2,
  "levend": 1,
  "dood": -2,
  "sterfelijk": 0,
  "onsterfelijk": 1,
  "vergankelijk": -1,
  "eeuwig": 1,
  "tijdelijk": -1,
  "permanent": 1,
  "voorbijgaand": -1,
  "blijvend": 1,
  "vluchtig": -1,
  "duurzaam": 1,
  "kortstondig": -1,
  "langdurig": 1,
  "momenteel": 0,
  "eeuwig": 1,
  "tijdelijk": -1,
  "huidig": 0,
  "voormalig": 0,
  "toekomstig": 0,
  "hedendaags": 0,
  "historisch": 0,
  "futuristisch": 0,
  "modern": 1,
  "ouderwets": -1,
  "eigentijds": 1,
  "gedateerd": -1,
  "actueel": 1,
  "verouderd": -1,
  "nieuw": 1,
  "oud": -1,
  "recent": 1,
  "antiek": 0,
  "vers": 1,
  "bedorven": -2,
  "fris": 1,
  "muf": -1,
  "geurig": 1,
  "stinkend": -2,
  "geparfumeerd": 1,
  "stinkend": -2,
  "aromatisch": 1,
  "reukloos": 0,
  "smakelijk": 2,
  "smakeloos": -1,
  "lekker": 2,
  "vies": -2,
  "heerlijk": 2,
  "walgelijk": -2,
  "verrukkelijk": 2,
  "afschuwelijk": -2,
  "zalig": 2,
  "verschrikkelijk": -2,
  "hemels": 2,
  "hels": -2,
  "goddelijk": 2,
  "duivels": -2,
  "engelachtig": 2,
  "demonisch": -2,
  "heilig": 2,
  "onheilig": -2,
  "gezegend": 2,
  "vervloekt": -2,
  "gelukkig": 2,
  "ongelukkig": -2,
  "blij": 2,
  "verdrietig": -2,
  "vrolijk": 2,
  "somber": -2,
  "opgewekt": 2,
  "neerslachtig": -2,
  "opgetogen": 2,
  "terneergeslagen": -2,
  "euforisch": 3,
  "depressief": -3,
  "extatisch": 3,
  "wanhopig": -3,
  "verheugd": 2,
  "bedroefd": -2,
  "tevreden": 2,
  "ontevreden": -2,
  "voldaan": 2,
  "onvervuld": -2,
  "bevredigd": 2,
  "onbevredigd": -2,
  "verzadigd": 1,
  "hongerig": -1,
  "gelest": 1,
  "dorstig": -1,
  "verzadigd": 1,
  "onverzadigd": -1,
  "vol": 1,
  "leeg": -1,
  "gevuld": 1,
  "hol": -1,
  "substantieel": 1,
  "onsubstantieel": -1,
  "solide": 1,
  "hol": -1,
  "massief": 1,
  "poreus": -1,
  "dicht": 1,
  "ijl": -1,
  "compact": 1,
  "los": -1,
  "geconcentreerd": 1,
  "verdund": -1,
  "geconcentreerd": 1,
  "verstrooid": -1,
  "gefocust": 1,
  "verstrooid": -1,
  "geconcentreerd": 1,
  "afgeleid": -1,
  "aandachtig": 1,
  "verstrooid": -1,
  "oplettend": 1,
  "onoplettend": -1,
  "alert": 1,
  "onoplettend": -1,
  "waakzaam": 1,
  "slaperig": -1,
  "wakker": 1,
  "slaperig": -1,
  "energiek": 2,
  "moe": -1,
  "vitaal": 2,
  "uitgeput": -2,
  "levendig": 2,
  "lusteloos": -2,
  "actief": 1,
  "passief": -1,
  "dynamisch": 1,
  "statisch": -1,
  "beweeglijk": 1,
  "stilstaand": -1,
  "mobiel": 1,
  "immobiel": -1,
  "flexibel": 1,
  "rigide": -1,
  "buigzaam": 1,
  "stijf": -1,
  "elastisch": 1,
  "inelastisch": -1,
  "rekbaar": 1,
  "onrekbaar": -1,
  "plooibaar": 1,
  "onplooibaar": -1,
  "aanpasbaar": 1,
  "onaanpasbaar": -1,
  "veranderlijk": 0,
  "onveranderlijk": 0,
  "variabel": 0,
  "constant": 0,
  "fluctuerend": 0,
  "stabiel": 1,
  "instabiel": -1,
  "evenwichtig": 1,
  "onevenwichtig": -1,
  "gebalanceerd": 1,
  "ongebalanceerd": -1,
  "harmonieus": 2,
  "disharmonieus": -2,
  "symmetrisch": 1,
  "asymmetrisch": -1,
  "proportioneel": 1,
  "disproportioneel": -1,
  "evenredig": 1,
  "onevenredig": -1,
  "gelijkmatig": 1,
  "ongelijkmatig": -1,
  "uniform": 1,
  "niet-uniform": -1,
  "homogeen": 1,
  "heterogeen": -1,
  "consistent": 1,
  "inconsistent": -1,
  "coherent": 1,
  "incoherent": -1,
  "logisch": 1,
  "onlogisch": -1,
  "rationeel": 1,
  "irrationeel": -1,
  "redelijk": 1,
  "onredelijk": -1,
  "verstandig": 1,
  "onverstandig": -1,
  "wijs": 2,
  "dwaas": -2,
  "intelligent": 2,
  "dom": -2,
  "slim": 2,
  "stom": -2,
  "briljant": 3,
  "achterlijk": -3,
  "geniaal": 3,
  "idioot": -3
}