{
  "personal": ["ik", "mij", "mijn", "mezelf", "persoonlijk", "eigen", "privé", "karakter", "persoonlijkheid", "identiteit"],
  "family": ["familie", "gezin", "ouders", "vader", "moeder", "broer", "zus", "opa", "oma", "familielid", "kind", "kinderen"],
  "friends": ["vriend", "vrienden", "vriendschap", "beste vriend", "vriendin", "kameraad", "maatje", "groep", "bff"],
  "relationship": ["relatie", "partner", "liefde", "verliefd", "verkering", "daten", "samen", "koppel", "ex", "crush"],
  "school": ["school", "studie", "opleiding", "universiteit", "college", "huiswerk", "leraar", "docent", "klas", "examen", "tentamen"],
  "work": ["werk", "baan", "carrière", "collega", "baas", "kantoor", "bedrijf", "salaris", "functie", "sollicitatie"],
  "hobby": ["hobby", "sport", "muziek", "lezen", "gamen", "film", "kunst", "dansen", "zingen", "tekenen", "schilderen"],
  "travel": ["reizen", "vakantie", "buitenland", "vliegen", "hotel", "strand", "bergen", "avontuur", "backpacken", "citytrip"],
  "food": ["eten", "drinken", "koken", "restaurant", "recept", "maaltijd", "snack", "diner", "lunch", "ontbijt"],
  "health": ["gezondheid", "fitness", "sporten", "dieet", "ziekte", "dokter", "medicijn", "welzijn", "mentaal", "fysiek"],
  "emotion": ["gevoel", "emotie", "blij", "verdrietig", "boos", "bang", "liefde", "haat", "jaloezie", "trots"],
  "future": ["toekomst", "droom", "plan", "ambitie", "doel", "hoop", "verwachting", "carrière", "pensioen", "later"],
  "past": ["verleden", "herinnering", "vroeger", "jeugd", "kindertijd", "geschiedenis", "nostalgie", "spijt", "les"],
  "fear": ["angst", "bang", "fobie", "nachtmerrie", "zorgen", "stress", "paniek", "onzeker", "twijfel"],
  "dream": ["droom", "wens", "fantasie", "ideaal", "ambitie", "verlangen", "hoop", "aspiratie", "doelstelling"],
  "secret": ["geheim", "verborgen", "privé", "niemand weten", "niet vertellen", "vertrouwelijk", "stiekem", "schaamte"],
  "embarrassing": ["gênant", "schaamte", "beschamend", "ongemakkelijk", "pijnlijk", "blunder", "fout", "rood worden"],
  "funny": ["grappig", "humor", "lachen", "grap", "hilarisch", "komisch", "lol", "mop", "gieren"],
  "weird": ["raar", "vreemd", "gek", "bizar", "ongewoon", "apart", "eigenaardig", "abnormaal", "ongebruikelijk"],
  "challenge": ["uitdaging", "moeilijk", "zwaar", "obstakel", "overwinnen", "doorzetten", "volhouden", "prestatie"],
  "regret": ["spijt", "berouw", "fout", "verkeerde keuze", "anders doen", "terug willen", "betreuren", "schuld"],
  "proud": ["trots", "prestatie", "succes", "bereiken", "voldoening", "tevreden", "gelukkig", "vieren"],
  "belief": ["geloof", "religie", "spiritueel", "god", "kerk", "bidden", "overtuiging", "waarde", "principe"],
  "politics": ["politiek", "stemmen", "partij", "regering", "minister", "president", "links", "rechts", "mening"],
  "money": ["geld", "financiën", "rijk", "arm", "sparen", "uitgeven", "salaris", "inkomen", "budget", "schuld"],
  "technology": ["technologie", "computer", "telefoon", "internet", "app", "social media", "gadget", "digitaal"],
  "nature": ["natuur", "buiten", "dieren", "planten", "bos", "strand", "berg", "milieu", "klimaat", "duurzaam"],
  "music": ["muziek", "lied", "artiest", "band", "concert", "festival", "album", "genre", "instrument", "zingen"],
  "movie": ["film", "serie", "acteur", "actrice", "bioscoop", "netflix", "kijken", "favoriet", "genre", "regisseur"],
  "book": ["boek", "lezen", "auteur", "verhaal", "roman", "literatuur", "bibliotheek", "genre", "favoriet"],
  "game": ["spel", "gamen", "videogame", "console", "pc", "online", "multiplayer", "competitie", "winnen"],
  "social": ["sociaal", "uitgaan", "feest", "club", "bar", "kroeg", "dansen", "ontmoeten", "gezellig", "samen"],
  "alone": ["alleen", "eenzaam", "solitude", "rust", "privacy", "tijd voor mezelf", "onafhankelijk", "zelfstandig"],
  "childhood": ["kindertijd", "jeugd", "vroeger", "opgroeien", "kind", "herinnering", "nostalgie", "speelgoed"],
  "adventure": ["avontuur", "spannend", "ontdekken", "ervaren", "risico", "uitdaging", "onbekend", "spontaan"],
  "romantic": ["romantisch", "liefde", "date", "kussen", "knuffelen", "intiem", "passie", "verliefd", "aantrekking"],
  "scary": ["eng", "horror", "bang", "griezelig", "angstaanjagend", "donker", "nachtmerrie", "schrikken", "spanning"],
  "silly": ["gek", "onzin", "dwaas", "kinderachtig", "speels", "maf", "belachelijk", "absurd", "lollig"],
  "deep": ["diep", "filosofisch", "betekenisvol", "existentieel", "levensvraag", "zingeving", "reflectie", "inzicht"],
  "casual": ["casual", "alledaags", "normaal", "gewoon", "simpel", "licht", "informeel", "ontspannen", "makkelijk"],
  "party": ["feest", "party", "uitgaan", "dansen", "drinken", "club", "muziek", "vieren", "gezellig", "lol"],
  "hypothetical": ["wat als", "stel dat", "hypothetisch", "scenario", "denkbeeldig", "fantasie", "verbeelding"]
}